smiles,y
C[C@H](CCC(=O)NCC(=O)O)[C@H]1CC[C@H]2[C@H]3[C@H](CC[C@@]21C)[C@@]1(C)CC[C@@H](O)C[C@H]1C[C@H]3O,5.522878745280337
C[C@H](CCC(=O)O)C1CC[C@H]2[C@H]3[C@H](CC[C@]12C)[C@@]1(C)CC[C@@H](O)CC1[C@@H](C)[C@H]3O,6.1249387366083
CCC[C@@H]1C2C[C@H](O)CC[C@]2(C)[C@H]2CC[C@]3(C)C([C@H](C)CCC(=O)O)CC[C@H]3[C@@H]2[C@@H]1O,5.954677021213342
Cc1cc(OCc2c(-c3c(Cl)cccc3Cl)noc2C(C)C)ccc1/C=C/c1cccc(C(=O)O)c1,7.327902142064283
CCc1onc(Cc2c(Cl)cccc2Cl)c1COc1ccc(/C=C/c2cccc(C(=O)O)c2)c(Cl)c1,7.221848749616356
Cc1cc(OCc2c(-c3c(Cl)cccc3Cl)noc2C)cc(C)c1/C=C/c1cccc(C(=O)O)c1,7.154901959985743
Cc1cc(OCc2c(-c3c(Cl)cccc3Cl)noc2C(C)C)cc(C)c1/C=C/c1cccc(C(=O)O)c1,7.0
CCc1onc(-c2ccccc2OC(F)(F)F)c1COc1ccc(/C=C/c2cccc(C(=O)O)c2)c(Cl)c1,7.318758762624412
CCc1onc(-c2c(Cl)cccc2Cl)c1COc1cc(C)c(/C=C/c2ccc(C(=O)O)cc2)c(C)c1,7.0
C[C@H](CCC(=O)O)C1CC[C@H]2[C@H]3[C@H](CC[C@]12C)[C@@]1(C)CC[C@@H](O)CC1[C@@H](CCO)[C@H]3O,4.213603538627695
CO[C@@H]1C2C[C@H](O)CC[C@]2(C)[C@H]2CC[C@]3(C)C([C@H](C)CCC(=O)O)CC[C@H]3[C@@H]2[C@@H]1O,4.831797253157369
C[C@H](CCC(=O)O)[C@H]1CC[C@H]2[C@H]3[C@H](CC[C@@]21C)[C@@]1(C)CCCC[C@H]1C[C@H]3O,5.886056647693163
C[C@@H](C1CC[C@H]2[C@H]3[C@H](CC[C@]12C)[C@@]1(C)CC[C@@H](O)CC1C[C@H]3O)[C@H](O)CC(=O)O,4.479123618311658
C[C@H](CCN)C1CC[C@H]2[C@H]3[C@H](CC[C@]12C)[C@@]1(C)CC[C@@H](O)CC1C[C@H]3O,5.014124642691606
COC(=O)/C=C/c1cccc(N(Cc2ccc(/C=C/c3c(Cl)cccc3Cl)cc2)C(=O)C(C)C)c1,6.709965388637482
COC(=O)/C=C/c1cccc(N(Cc2ccc(/C=C/c3cc(C(F)(F)F)cc(C(F)(F)F)c3)cc2)C(=O)C2CCCCC2)c1,5.832682665251824
COC(=O)/C=C/c1cccc(N(Cc2ccc(/C=C/c3cc(C(F)(F)F)cc(C(F)(F)F)c3)cc2)C(=O)C(C)C)c1,5.709965388637482
COC(=O)/C=C/c1cccc(N(Cc2ccc(/C=C/c3cccc(C(F)(F)F)c3)cc2)C(=O)C(C)C)c1,6.573488738635425
COC(=O)/C=C/c1cccc(N(Cc2ccc(/C=C/c3cccc(C(F)(F)F)c3)cc2)C(=O)NC(C)C)c1,6.030584087646019
COC(=O)/C=C/c1cccc(N(Cc2ccc(/C=C/c3c(F)cccc3F)cc2)C(=O)C(C)C)c1,6.966576244513051
COC(=O)/C=C/c1cccc(N(Cc2ccc(/C=C/c3ccccc3F)cc2)C(=O)NC(C)C)c1,6.3655227298392685
COC(=O)/C=C/c1cccc(N(Cc2ccc(/C=C/c3c(C)cc(C)cc3C)cc2)C(=O)NC(C)C)c1,6.3655227298392685
COC(=O)/C=C/c1cccc(N(Cc2ccc(/C=C/c3cccc(F)c3)cc2)C(=O)C2CCCCC2)c1,7.0655015487564325
COC(=O)/C=C/c1cccc(N(Cc2ccc(/C=C/c3ccc(F)cc3)cc2)C(=O)NC(C)C)c1,6.458420756053419
COC(=O)/C=C/c1cccc(N(Cc2ccc(/C=C/c3ccccn3)cc2)C(=O)C2CCCCC2)c1,6.510041520575165
COC(=O)/C=C/c1cccc(N(Cc2ccc(-c3ccc(F)c(F)c3)cc2)C(=O)C2CCCCC2)c1,7.142667503568732
COC(=O)/C=C/c1cccc(N(Cc2ccc(-c3ccc(SC)cc3)cc2)C(=O)C(C)C)c1,7.292429823902063
COC(=O)/C=C/c1cccc(N(Cc2ccc(-c3cccc(OC)c3)cc2)C(=O)C2CCCCC2)c1,7.111764326729433
COC(=O)/C=C/c1cccc(N(Cc2ccc(-c3cccc(OC)c3)cc2)C(=O)NC(C)C)c1,5.863279432843593
CCOc1cccc(-c2ccc(CN(C(=O)C(C)C)c3cccc(/C=C/C(=O)OC)c3)cc2)c1,6.761953896871205
COC(=O)/C=C/c1cccc(N(Cc2ccc(-c3ccc(OC)cc3)cc2)C(=O)C(C)C)c1,7.013228265733755
COC(=O)/C=C/c1cccc(N(Cc2ccc(-c3cccc(Cl)c3)cc2)C(=O)C2CCCCC2)c1,7.026872146400302
COC(=O)/C=C/c1cccc(N(Cc2ccc(-c3ccc(C)cc3)cc2)C(=O)NC(C)C)c1,6.347753658996677
COC(=O)/C=C/c1cccc(N(Cc2ccc(-c3cccc(C)c3)cc2)C(=O)C2CCCCC2)c1,6.962573502059376
COC(=O)/C=C/c1cccc(N(Cc2ccc(-c3ccc4c(c3)OCO4)cc2)C(=O)C2CCCCC2)c1,7.42021640338319
COC(=O)/C=C/c1cccc(N(Cc2ccc(-c3ccc4c(c3)OCO4)cc2)C(=O)C(C)C)c1,7.72067533455739
COC(=O)/C=C/c1cccc(N(Cc2ccc(-c3ccc4c(c3)OCO4)cc2)C(=O)NC(C)C)c1,7.017728766960431
COC(=O)/C=C/c1cccc(N(Cc2ccc(-c3ccc(F)c(Cl)c3)cc2)C(=O)C2CCCCC2)c1,7.180456064458132
COC(=O)/C=C/c1cccc(N(Cc2ccc(-c3ccc(OC(F)(F)F)cc3)cc2)C(=O)C(C)C)c1,6.6595558851598815
COC(=O)/C=C/c1cccc(N(Cc2ccc(-c3c(OC)cccc3OC)cc2)C(=O)C2CCCCC2)c1,7.113509274827518
COC(=O)/C=C/c1cccc(N(Cc2ccc(-c3c(OC)cccc3OC)cc2)C(=O)C(C)C)c1,7.022276394711152
COC(=O)/C=C/c1cccc(N(Cc2ccc(-c3ccc(C(C)(C)C)cc3)cc2)C(=O)C2CCCCC2)c1,6.87942606879415
COC/C=C/c1cccc(N(Cc2ccc(/C=C/C(=O)OC(C)(C)C)cc2)C(=O)C2CCCCC2)c1,6.614393726401688
CCOC/C=C/c1cccc(N(Cc2ccc(/C=C/C(=O)OC(C)(C)C)cc2)C(=O)C2CCCCC2)c1,6.657577319177793
COC(=O)/C=C/c1cccc(N(Cc2ccc(/C=C/C(=O)OC(C)(C)C)cc2)C(=O)c2ccccc2)c1,6.627087997029894
COC(=O)/C=C/c1cccc(N(Cc2ccc(/C=C/C(=O)OC(C)(C)C)cc2)C(=O)c2ccco2)c1,6.688246138944246
COC(=O)/C=C/c1cccc(N(Cc2ccc(/C=C/C(=O)OC(C)(C)C)cc2)C(=O)NC(C)C)c1,6.673664139071248
COC(=O)/C=C/c1cccc(N(Cc2ccc3c(c2OC)OC(C)(C)C=C3)C(=O)C2CCCCC2)c1,6.446116973356125
COC(=O)/C=C/c1cccc(N(Cc2ccc3c(c2OC)OC(C)(C)C2C3C2(Cl)Cl)C(=O)c2ccccc2)c1,6.47755576649368
COC(=O)/C=C/c1cccc(N(Cc2ccc(-c3ccc(SC)cc3)cc2)C(=O)C2CCCCC2)c1,7.161150909262744
COC(=O)/C=C/c1cccc(N(Cc2ccc(/C=C/c3ccc(OC)cc3)cc2)C(=O)C2CCCCC2)c1,6.681936665037238
CC(C)(C)OC(=O)/C=C/c1ccc(CN(C(=O)C2CCCCC2)c2cccc(/C=C/C(=O)OC(C)(C)C)c2)cc1,6.0
COC(=O)/C=C/c1cccc(N(Cc2ccc(/C=C/C(=O)O)cc2)C(=O)C2CCCCC2)c1,6.0
COC(=O)/C=C/c1cccc(N(Cc2ccc(/C=C/C(=O)OC(C)(C)C)cc2O)C(=O)C2CCCCC2)c1,6.0
COC(=O)/C=C/c1cccc(N(Cc2ccc(/C=C/c3c(Cl)cccc3Cl)cc2)C(=O)C2CCCCC2)c1,6.82194438846877
COC(=O)/C=C/c1cccc(N(Cc2ccc(/C=C/c3ccccc3F)cc2)C(=O)C(C)C)c1,7.152458186731824
COC(=O)/C=C/c1cccc(N(Cc2ccc(/C=C/c3ccccc3)cc2)C(=O)C(C)C)c1,7.188525536896821
COC(=O)/C=C/c1cccc(N(Cc2ccc(/C=C/c3cccc(F)c3)cc2)C(=O)NC(C)C)c1,6.330339167965619
COC(=O)/C=C/c1cccc(N(Cc2ccc(/C=C/c3ccc(F)cc3)cc2)C(=O)C2CCCCC2)c1,6.731410328531162
COC(=O)/C=C/c1cccc(N(Cc2ccc(-c3cccc(Cl)c3)cc2)C(=O)NC(C)C)c1,5.851931287955853
COC(=O)/C=C/c1cccc(N(Cc2ccc(-c3cc(Cl)ccc3OC)cc2)C(=O)C2CCCCC2)c1,6.631322704587214
COC(=O)/C=C/c1cccc(N(Cc2ccc(-c3ccc(F)c(Cl)c3)cc2)C(=O)C(C)C)c1,6.889713391596434
COC(=O)/C=C/c1cccc(N(Cc2ccc(-c3cccc(OC(F)(F)F)c3)cc2)C(=O)C2CCCCC2)c1,6.378371996054898
COC(=O)/C=C/c1cccc(N(Cc2ccc(-c3c(OC)cccc3OC)cc2)C(=O)NC(C)C)c1,6.250518772104631
COc1c(CN(C(=O)C2CC2)c2ccccc2)ccc2c1OC(C)(C)C=C2,5.0
C[C@H](CCNC(=O)OCc1cccs1)C1CC[C@H]2[C@H]3[C@H](CC[C@]12C)[C@@]1(C)CC[C@@H](O)CC1C[C@H]3O,6.3872161432802645
C[C@H](CCNC(=O)OCc1ccc(C(=O)O)cc1)C1CC[C@H]2[C@H]3[C@H](CC[C@]12C)[C@@]1(C)CC[C@@H](O)CC1C[C@H]3O,5.148130399270234
C[C@H](CCNC(=O)OC1C2CC3CC(C2)CC1C3)C1CC[C@H]2[C@H]3[C@H](CC[C@]12C)[C@@]1(C)CC[C@@H](O)CC1C[C@H]3O,6.221848749616356
C[C@H](CCNC(=O)OC1CCCCC1)C1CC[C@H]2[C@H]3[C@H](CC[C@]12C)[C@@]1(C)CC[C@@H](O)CC1C[C@H]3O,5.943095148663527
C[C@H](C[C@@H](C)[C@H]1CC[C@H]2[C@H]3[C@H](CC[C@@]21C)[C@@]1(C)CC[C@@H](O)CC1C[C@H]3O)C(=O)O,4.978810700930062
CC[C@@H]1C2C[C@H](O)CC[C@]2(C)[C@H]2CC[C@@]3(C)[C@@H](CC[C@@H]3[C@H](C)C[C@H](C)C(=O)O)[C@@H]2[C@@H]1O,4.928117992693875
CC(C)(C)c1onc(-c2c(Cl)cccc2Cl)c1COc1ccc(C(=O)Nc2cccc(C(=O)O)c2)c(Cl)c1,5.886056647693163
CC(C)c1onc(-c2c(Cl)cccc2Cl)c1COc1ccc(C(=O)N(Cc2ccccc2)c2cccc(C(=O)O)c2)c(Cl)c1,5.6020599913279625
CCCN(C(=O)c1ccc(OCc2c(-c3c(Cl)cccc3Cl)noc2C(C)C)cc1Cl)c1cccc(C(=O)O)c1,5.6777807052660805
CC(C)c1onc(-c2c(Cl)cccc2Cl)c1COc1ccc(C(=O)Nc2cccc(C(=O)O)c2)c(Cl)c1,5.522878745280337
C[C@H](CCCO)[C@H]1CC[C@H]2[C@H]3[C@H](CC[C@@]21C)[C@@]1(C)CC[C@@H](O)C[C@H]1C[C@H]3O,5.221848749616356
CCOC(=O)C1=CN(C(=O)c2ccc(F)cc2)CCc2c1[nH]c1ccccc21,6.221848749616356
CCCOC(=O)C1=CN(C(=O)c2ccc(F)cc2)CCc2c1[nH]c1ccccc21,6.301029995663981
CCCCOC(=O)C1=CN(C(=O)c2ccc(F)cc2)CCc2c1[nH]c1ccccc21,5.958607314841775
CCOC(=O)C1=CN(C(=O)c2ccc(Cl)cc2)CC(C)c2c1[nH]c1ccccc21,7.136677139879544
CCOC(=O)C1=CN(C(=O)c2ccc(F)c(F)c2)CC(C)c2c1[nH]c1ccccc21,7.494850021680094
CCOC(=O)C1=CN(C(=O)c2ccc(Cl)cc2)CC(C)(C)c2c1[nH]c1ccccc21,7.602059991327962
CCOC(=O)C1=CN(C(=O)c2ccc(OC)cc2)CC(C)(C)c2c1[nH]c1ccccc21,7.5376020021010435
CC(C)OC(=O)C1=CN(C(=O)c2ccc(F)c(F)c2)CC(C)(C)c2c1[nH]c1ccccc21,7.769551078621726
O=C1NN(c2ccccc2)C(=O)/C1=C/c1cccc(OCc2cccc(F)c2)c1,5.319664486585437
O=C1NN(c2ccccc2)C(=O)/C1=C/c1cccc(OCc2cccc(C(F)(F)F)c2)c1,5.1598939055432425
Cc1cccc(COc2cccc(/C=C3\C(=O)NN(c4ccccc4[N+](=O)[O-])C3=O)c2)c1,5.270025714300444
Cc1cccc(COc2cccc(/C=C3\C(=O)NN(C(=O)c4ccc(F)cc4)C3=O)c2)c1,5.730487055782084
Cc1cccc(COc2cccc(/C=C3\C(=O)NN(C(=O)c4ccncc4)C3=O)c2)c1,5.619788758288394
O=C1NN(C(=O)c2ccccc2)C(=O)/C1=C/c1ccc(OCc2ccccc2)cc1,5.400116927926312
O=C1NN(C(=O)c2ccco2)C(=O)/C1=C/c1ccc(OCc2ccccc2)cc1,5.480172006224281
O=C1C(=Cc2cccc([N+](=O)[O-])c2)C(=O)N(c2ccccc2)N1c1ccccc1,5.369572124974976
Cc1cc(OCc2c(-c3c(Cl)cncc3Cl)noc2C(C)C)ccc1-c1ccc2c(C(=O)O)cn(C)c2c1,6.045757490560675
Cc1cc(OCc2c(-c3c(Cl)c[n+]([O-])cc3Cl)noc2C(C)C)ccc1-c1ccc2c(C(=O)O)cn(C)c2c1,6.991399828238082
Cc1cc(OCc2c(-c3cc[nH]c(=O)c3Cl)noc2C(C)C)ccc1-c1ccc2c(C(=O)O)cn(C)c2c1,5.301029995663981
Cc1cc(OCc2c(-c3ccn(C)c(=O)c3Cl)noc2C(C)C)ccc1-c1ccc2c(C(=O)O)cn(C)c2c1,5.154901959985743
Cc1cc(OCc2c(-c3c(Cl)ccc(=O)n3C)noc2C(C)C)ccc1-c1ccc2c(C(=O)O)cn(C)c2c1,5.3979400086720375
CC[C@@H](C)c1onc(-c2c(Cl)cccc2Cl)c1COc1ccc(/C=C/c2cccc(C(=O)O)c2)c(Cl)c1,7.00436480540245
CC(C)c1onc(COc2cc(Cl)cc(Cl)c2)c1COc1ccc(/C=C/c2cccc(C(=O)O)c2)c(Cl)c1,5.958607314841775
CC(C)c1onc(CO)c1COc1ccc(/C=C/c2cccc(C(=O)O)c2)c(Cl)c1,5.107905397309519
CC(C)c1onc(-c2c(Cl)cccc2Cl)c1COc1ccc2nc(-c3cccc(C(=O)O)c3)sc2c1,6.3872161432802645
CC(C)c1onc(-c2c(Cl)cccc2Cl)c1COc1ccc2c(c1)CC(=O)N(c1cccc(C(=O)O)c1)C2,5.958607314841775
CC(C)c1onc(-c2c(Cl)cccc2Cl)c1COc1ccc2[nH]cc(Cc3cccc(C(=O)O)c3)c2c1,5.823908740944319
CC(C)c1onc(-c2c(Cl)cccc2Cl)c1CCc1nc2cccc(Nc3cccc(C(=O)O)c3)c2o1,5.769551078621726
CC(C)OC(=O)C1=CN(C(=O)c2ccc(F)c(F)c2)CC(C)(C)c2cc(C#N)[nH]c21,8.200659450546418
CC(C)OC(=O)C1=CN(C(=O)c2cccc(F)c2)CC(C)(C)c2cc(C#N)[nH]c21,8.602059991327963
CC(C)OC(=O)C1=CN(C(=O)c2ccc(F)cc2)CC(C)(C)c2cc(C#N)[nH]c21,8.301029995663981
CC(C)OC(=O)C1=CN(C(=O)C2CCCCC2)CC(C)(C)c2cc(C#N)[nH]c21,8.187086643357144
CC(C)OC(=O)C1=CN(C(=O)c2ccc(C#N)cc2)CC(C)(C)c2cc(C#N)[nH]c21,7.455931955649724
CC(C)OC(=O)C1=CN(C(=O)c2cccc(C(F)(F)F)c2)CC(C)(C)c2cc(C#N)[nH]c21,8.070581074285707
CC(C)OC(=O)C1=CN(C(=O)c2cccs2)CC(C)(C)c2cc(C#N)[nH]c21,7.795880017344075
CC(C)OC(=O)C1CN(C(=O)c2ccc(F)c(F)c2)CC(C)(C)c2cc(C#N)[nH]c21,6.552841968657781
CC(C)OC(=O)C1CN(C(=O)c2cccc(F)c2)CC(C)(C)c2cc(C#N)[nH]c21,5.886056647693163
CC(C)OC(=O)C1CN(C(=O)c2ccc(F)cc2)CC(C)(C)c2cc(C#N)[nH]c21,6.1938200260161125
CC(C)OC(=O)C1CN(C(=O)C2CCCCC2)CC(C)(C)c2cc(C#N)[nH]c21,5.721246399047171
CC(C)OC(=O)C1CN(C(=O)c2ccc(C#N)cc2)CC(C)(C)c2cc(C#N)[nH]c21,5.2441251443275085
CC(C)OC(=O)C1CN(C(=O)c2cccc(Cl)c2)CC(C)(C)c2cc(C#N)[nH]c21,5.886056647693163
CC(C)OC(=O)C1CN(C(=O)c2cccc(C(F)(F)F)c2)CC(C)(C)c2cc(C#N)[nH]c21,5.568636235841013
CC(C)OC(=O)C1CN(C(=O)c2ccc(Cl)cc2)CC(C)(C)c2cc(C#N)[nH]c21,5.3872161432802645
CC(C)OC(=O)C1CN(C(=O)C2CCOCC2)CC(C)(C)c2cc(C#N)[nH]c21,5.481486060122113
CC(C)OC(=O)C1=CN(C(=O)c2ccc(F)c(F)c2)CC(C)(C)c2c1[nH]c1ccc(F)cc21,7.346787486224656
CC(C)OC(=O)C1=CN(C(=O)c2cccc(CN3CCOCC3)c2)CC(C)(C)c2c1[nH]c1ccccc21,5.801617869991706
CC(C)OC(=O)C1=CN(C(=O)c2cccc(CN3CCN(C)CC3)c2)CC(C)(C)c2c1[nH]c1ccccc21,6.434152181326482
CC(C)OC(=O)C1=CN(C(=O)c2cccc(CN3CCCCC3)c2)CC(C)(C)c2c1[nH]c1ccccc21,6.272458742971444
CC(C)OC(=O)C1=CN(C(=O)c2cccc(CN3CCCC3)c2)CC(C)(C)c2c1[nH]c1ccccc21,6.468521082957745
CC(C)OC(=O)C1=CN(C(=O)c2ccc(CN3CCOCC3)cc2)CC(C)(C)c2c1[nH]c1ccccc21,7.638272163982407
CC(C)OC(=O)C1=CN(C(=O)c2ccc(CN3CCOCC3)cc2)CC(C)(C)c2c1[nH]c1cc(F)ccc21,6.349692476868063
CC(C)OC(=O)C1=CN(C(=O)c2ccc(OCCCN3CCOCC3)cc2)CC(C)(C)c2c1[nH]c1ccccc21,6.995678626217358
CC(C)OC(=O)C1=CN(C(=O)c2ccc(OCCN(C)C)cc2)CC(C)(C)c2c1[nH]c1ccccc21,6.357535479757878
CC(C)OC(=O)C1=CN(C(=O)c2ccc(OCCN3CCCC3)cc2)CC(C)(C)c2c1[nH]c1ccccc21,6.156144577376839
CC(C)OC(=O)C1=CN(C(=O)c2ccc(OCCN3CCOCC3)cc2)CC(C)(C)c2c1[nH]c1ccccc21,6.603800652904264
CC(C)OC(=O)C1=CN(C(=O)c2ccc(OCCN3CCN(C)CC3)cc2)CC(C)(C)c2c1[nH]c1ccccc21,6.542118103266008
CC(C)OC(=O)C1=CN(C(=O)c2ccc(OCCCN3CCCC3)cc2)CC(C)(C)c2c1[nH]c1ccccc21,6.441291429466834
CC(C)OC(=O)C1=CN(C(=O)c2ccc(OCCCN3CCCCC3)cc2)CC(C)(C)c2c1[nH]c1ccccc21,6.372634143407267
CC(C)OC(=O)C1=CN(C(=O)c2cccc(OCCN(C)C)c2)CC(C)(C)c2c1[nH]c1ccccc21,5.858236769724212
CC(C)OC(=O)C1=CN(C(=O)c2cccc(OCCN3CCCC3)c2)CC(C)(C)c2c1[nH]c1ccccc21,5.8804142250382165
CC(C)OC(=O)C1=CN(C(=O)c2cccc(OCCN3CCCCC3)c2)CC(C)(C)c2c1[nH]c1ccccc21,6.048662481204082
CC(C)OC(=O)C1=CN(C(=O)c2cccc(OCCN3CCOCC3)c2)CC(C)(C)c2c1[nH]c1ccccc21,6.068033885271827
CC(C)OC(=O)C1=CN(C(=O)c2cccc(OCCN3CCN(C)CC3)c2)CC(C)(C)c2c1[nH]c1ccccc21,5.542118103266008
CC(C)OC(=O)C1=CN(C(=O)c2cccc(OCCCN3CCCC3)c2)CC(C)(C)c2c1[nH]c1ccccc21,5.795066477645855
CC(C)OC(=O)C1=CN(C(=O)c2cccc(OCCCN3CCCCC3)c2)CC(C)(C)c2c1[nH]c1ccccc21,5.9503943874050265
CC(C)OC(=O)C1=CN(C(=O)c2cccc(OCCCN3CCN(C)CC3)c2)CC(C)(C)c2c1[nH]c1ccccc21,5.99012436628784
CC(C)OC(=O)C1=CN(C(=O)c2ccc(OCCN3CCOCC3)cc2)CC(C)(C)c2c1[nH]c1cc(F)ccc21,7.00436480540245
CC(C)c1onc(-c2c(Cl)cccc2Cl)c1COc1ccc(N(C)Cc2ccc(CCC(=O)O)cc2)c(C(F)(F)F)n1,7.644612342013426
O=C(NC1CCCCC1)[C@H](C1CCCCC1)n1c(-c2ccc(Cl)cc2)nc2cc(F)c(F)cc21,7.301029995663981
O=C(O)c1ccc(NC(=O)[C@H](C2CCCCC2)n2c(-c3ccc(Cl)cc3)nc3cc(F)c(F)cc32)c(C(F)(F)F)c1,7.301029995663981
O=C(O)c1ccc(NC(=O)[C@H](C2CCCCC2)n2c(-c3ccc(Cl)cc3)nc3ccccc32)c(C(F)(F)F)c1,7.045757490560675
O=C(O)c1ccc(NC(=O)[C@H](C2CCCCC2)n2c(-c3ccc(Cl)cc3)nc3cc(F)c(F)cc32)c(F)c1,6.522878745280337
O=C(O)c1ccc(NC(=O)[C@H](C2CCCCC2)n2c(-c3ccc(Cl)cc3)nc3cc(F)c(F)cc32)c(Cl)c1,6.522878745280337
O=C(Nc1ccc(OC2(C(=O)O)CC2)cc1F)[C@H](C1CCCCC1)n1c(-c2ccc(Cl)cc2)nc2cc(F)c(F)cc21,6.221848749616356
O=C(O)c1ccc(NC(=O)[C@H](C2CCCCC2)n2c(-c3ccc(Cl)cc3)nc3cc(F)ccc32)c(F)c1,5.958607314841775
COc1ccc(-c2nc3cc(F)c(F)cc3n2[C@H](C(=O)N[C@H]2CC[C@H](C(=O)O)CC2)C2CCCCC2)c(Cl)n1,5.958607314841775
O=C(O)c1cc(F)c(NC(=O)[C@H](C2CCCCC2)n2c(-c3ccc(Cl)cc3)nc3cc(F)c(F)cc32)c(F)c1,5.853871964321762
COc1ccc(-c2nc3cc(F)c(F)cc3n2[C@H](C(=O)N[C@H]2CC[C@H](C(=O)O)CC2)C2CCCCC2)c(OC)n1,5.769551078621726
O=C(O)c1ccc(NC(=O)[C@H](C2CCCCC2)n2c(-c3ccc(Cl)cc3)nc3cc(F)c(F)cc32)cc1,5.6020599913279625
O=C(N[C@H]1CC[C@H](C(=O)O)CC1)[C@H](C1CCCCC1)n1c(-c2ccc(Cl)cc2)nc2cc(F)c(F)cc21,5.568636235841013
O=C(O)Cc1ccc(NC(=O)C(C2CCCCC2)n2c(-c3ccc(Cl)cc3)nc3cc(F)c(F)cc32)cc1,5.309803919971486
O=C(N[C@H]1CC[C@H](C(=O)O)CC1)[C@H](C1CCCCC1)n1c(-c2ccc(Cl)nc2)nc2cc(F)c(F)cc21,5.013228265733755
O=C(O)CO[C@H]1CC[C@H](NC(=O)[C@H](C2CCCCC2)n2c(-c3ccc(Cl)nc3)nc3cc(F)c(F)cc32)CC1,5.00436480540245
O=C(NC[C@H]1CC[C@H](C(=O)O)CC1)[C@H](C1CCCCC1)n1c(-c2ccc(Cl)cc2)nc2cc(F)c(F)cc21,5.0
COc1cc(C(=O)O)ccc1NC(=O)[C@H](C1CCCCC1)n1c(-c2ccc(Cl)cc2)nc2cc(F)c(F)cc21,4.982966660701219
O=C(O)c1ccc(NC(=O)C(C2CCCCC2)n2c(-c3ccc(Cl)cc3)nc3cc(F)c(F)cc32)nc1,4.97469413473523
O=C(O)c1cccc(NC(=O)C(C2CCCCC2)n2c(-c3ccc(Cl)cc3)nc3cc(F)c(F)cc32)c1,4.97061622231479
CC(C)COc1cc(C(=O)O)nc2ccc(-c3ccc(OCc4c(-c5c(Cl)cccc5Cl)noc4C(C)C)cc3)cc12,7.0996328713435295
O=S(=O)(Nc1ccc(C(O)(C(F)(F)F)C(F)(F)F)cc1)c1cccc2ccccc12,4.920818753952375
CC(C)c1onc(-c2c(Cl)cccc2Cl)c1COc1ccc(-c2ccc3c(C(=O)O)csc3c2)cc1,7.647817481888637
CC(C)c1onc(-c2c(Cl)cccc2Cl)c1COc1ccc(-c2ccc3c(C(=O)O)c[nH]c3c2)cc1,7.5934598195660445
CC(C)c1onc(-c2c(Cl)cccc2Cl)c1COc1ccc(N(C(=O)c2cccc(C(=O)O)c2)c2cccc3ccccc23)c(Cl)c1,6.3872161432802645
CC(C)c1onc(-c2c(Cl)cccc2Cl)c1COc1ccc(C(=O)N(Cc2ccccc2)c2ccc(C(=O)O)cc2)c(Cl)c1,5.585026652029182
CC(C)c1onc(-c2c(Cl)cccc2Cl)c1COc1ccc(C(=O)N(c2cccc(C(=O)O)c2)c2cccc3ccccc23)c(Cl)c1,5.522878745280337
Cc1nn(-c2ccccc2C(F)(F)F)c2c1C(c1ccc(Oc3ccccc3)cc1)SC(C)C(=O)N2,5.698970004336019
CCCc1ccccc1-n1nc(C)c2c1NC(=O)[C@H](C)S[C@@H]2c1ccc(Oc2ccccc2)cc1,5.958607314841775
Cc1ccc(-n2nc(C)c3c2NC(=O)[C@H](C)S[C@@H]3c2ccc(Oc3ccccc3)cc2)cc1,5.468521082957745
COc1cc([C@H]2S[C@@H](C)C(=O)Nc3c2c(C)nn3-c2ccccc2C)ccc1Oc1ccccc1,5.721246399047171
COc1cccc(Oc2ccc([C@H]3S[C@@H](C)C(=O)Nc4c3c(C)nn4-c3ccccc3C)cc2)c1,5.769551078621726
Cc1ccccc1-n1nc(C)c2c1NC(=O)[C@H](C)S[C@@H]2c1ccc(-c2cc3ccccc3o2)cc1,5.823908740944319
Cc1ccccc1-n1nc(C)c2c1NC(=O)[C@H](C)S[C@@H]2c1ccc(-c2ccoc2)cc1,5.455931955649724
Cc1ccccc1-n1nc(C)c2c1NC(=O)[C@H](C)S[C@@H]2c1ccc(-c2cccs2)cc1,5.585026652029182
CCOc1cccc(-c2ccc([C@H]3S[C@@H](C)C(=O)Nc4c3c(C)nn4-c3ccccc3C)cc2)c1,5.455931955649724
COc1cccc(-c2ccc([C@H]3S[C@@H](C)C(=O)Nc4c3c(C)nn4-c3ccccc3C)cc2)c1,5.7447274948966935
Cc1ccccc1-n1nc(C)c2c1NC(=O)[C@H](C)S[C@@H]2c1ccc(-c2ccccc2)cc1,6.00436480540245
COc1ccc(C2SC(C)C(=O)Nc3c2c(C)nn3-c2ccccc2C)c(OC)c1,4.978810700930062
COC(=O)/C=C/c1cccc(N(Cc2ccc(-c3ccccc3OC)cc2)C(=O)C(C)C)c1,6.423658649794207
Cc1cc(OCc2c(-c3c(Cl)cncc3Cl)noc2C(C)C)ccc1-c1ccc2c(c1)c(C(=O)O)cn2C,7.026872146400302
CC1(C)CCC[C@@]2(C)[C@H]1CC[C@]1(C)[C@@H](CCc3ccoc3)[C@H](CCCO)CC[C@H]21,4.522878745280337
CCC1SC(c2ccc(Oc3ccccc3)cc2)c2c(C)nn(-c3ccccc3C)c2NC1=O,5.522878745280337
Cc1ccccc1-n1nc(C)c2c1NC(=O)CS[C@H]2c1ccc(Oc2ccccc2)cc1,4.853871964321762
CCc1nn(-c2ccccc2C)c2c1[C@@H](c1ccc(Oc3ccccc3)cc1)S[C@@H](C)C(=O)N2,5.698970004336019
O=S(=O)(c1ccc(F)cc1)N(CC(F)(F)F)c1ccc(C(O)(C(F)(F)F)C(F)(F)F)cc1,6.0
CC(C)(C)c1ccc(C(=O)Nc2ccccc2C(=O)NCCCC(=O)O)cc1,5.6020599913279625
O=C(O)CCCNC(=O)c1ccccc1NC(=O)/C=C/c1ccccc1,6.142667503568732
O=C(O)CCCCNC(=O)c1ccccc1NC(=O)c1ccc2ccccc2c1,5.080921907623926
O=C(O)CCCCCNC(=O)c1ccccc1NC(=O)c1ccc2ccccc2c1,5.356547323513812
O=C(O)c1ccc(NC(=O)c2ccccc2NC(=O)c2ccc3ccccc3c2)cc1,6.0
O=C(O)c1cccc(NC(=O)c2ccccc2NC(=O)c2ccc3ccccc3c2)c1,5.823908740944319
O=C(O)c1ccc(CNC(=O)c2ccccc2NC(=O)c2ccc3ccccc3c2)cc1,5.886056647693163
O=C(O)Cc1ccc(NC(=O)c2ccccc2NC(=O)c2ccc3ccccc3c2)cc1,5.508638306165727
CC(C)CN(Cc1ccc(-c2ccc(S(C)(=O)=O)cc2)cc1)S(=O)(=O)Cc1ccccc1,5.619788758288394
CC[C@@H]1[C@@H]2C[C@H](O)CC[C@]2(C)[C@H]2CC[C@@]3(C)[C@@H](CC[C@@H]3[C@H](C)CCO)[C@@H]2[C@@H]1O,5.698970004336019
O=C(O)c1cccc(NC(=O)c2ccccc2NC(=O)c2ccc(C(F)(F)F)cc2)c1,5.161150909262744
O=C(O)c1cccc(NC(=O)c2ccccc2NC(=O)c2ccc(C(F)(F)F)c(F)c2)c1,5.301029995663981
O=C(/C=C/c1ccccc1)Nc1ccccc1C(=O)Nc1cccc(C(=O)O)c1,5.2839966563652006
CC(=O)c1cccc(NC(=O)c2ccccc2NC(=O)c2ccc(C(C)(C)C)cc2)c1,6.318758762624412
CC(C)(C)c1ccc(C(=O)Nc2ccccc2C(=O)Nc2cccc(C#N)c2)cc1,6.638272163982407
CSc1cccc(NC(=O)c2ccccc2NC(=O)c2ccc(C(C)(C)C)cc2)c1,6.698970004336019
CC(C)(C)c1ccc(C(=O)Nc2ccccc2C(=O)Nc2cccc(-c3nnn[nH]3)c2)cc1,5.537602002101044
CC(C)(C)c1ccc(C(=O)Nc2ccccc2C(=O)Nc2cccc(C(N)=O)c2)cc1,7.142667503568732
COc1ccc(NC(=O)c2ccccc2NC(=O)c2ccc(C(C)(C)C)cc2)cc1OC,7.1487416512809245
CC(C)(C)c1ccc(C(=O)Nc2ccccc2C(=O)Nc2cccc(CC(=O)O)c2)cc1,6.376750709602099
CC(C)(C)c1ccc(C(=O)Nc2ccccc2C(=O)Nc2cccc(CCC(=O)O)c2)cc1,7.207608310501746
Cc1c(NC(=O)c2ccccc2NC(=O)c2ccc(C(C)(C)C)cc2)cccc1C(=O)O,7.376750709602099
CC(C)(C)c1ccc(C(=O)Nc2ccccc2C(=O)Nc2cc(C(=O)O)ccc2Cl)cc1,5.958607314841775
CC(C)(C)c1ccc(C(=O)Nc2ccccc2C(=O)Nc2ccc(Br)c(C(=O)O)c2)cc1,6.823908740944319
Cc1ccc(C(=O)Nc2cccc(C(=O)O)c2)c(NC(=O)c2ccc(C(C)(C)C)cc2)c1,7.214670164989233
CC(C)(C)c1ccc(C(=O)Nc2cc(Br)ccc2C(=O)Nc2cccc(C(=O)O)c2)cc1,7.318758762624412
COc1ccc(C(=O)Nc2cccc(C(=O)O)c2)c(NC(=O)c2ccc(C(C)(C)C)cc2)c1,8.096910013008056
Cc1ccc(NC(=O)c2ccc(Cl)cc2NC(=O)c2ccc(C(C)(C)C)cc2)cc1C(=O)O,6.958607314841775
O=C(O)c1cccc(NC(=O)c2ccc(Cl)cc2NC(=O)c2ccc(C(F)(F)F)cc2)c1,5.6777807052660805
O=C(O)Cc1cccc(NC(=O)c2ccccc2NC(=O)c2ccc(-c3ccccc3)cc2)c1,6.154901959985743
CSc1ccc(C(=O)Nc2ccccc2C(=O)Nc2cccc(CC(=O)O)c2)cc1,5.070581074285707
O=C(O)Cc1cccc(NC(=O)c2ccccc2NC(=O)c2ccc3ccccc3c2)c1,5.6020599913279625
Cc1ccccc1-c1noc(-c2ccc(C(=O)O)cc2)n1,6.657577319177793
Cc1ccc(-c2noc(-c3ccc(Cl)cc3)n2)cc1,6.3872161432802645
COc1ccc(-c2nc(-c3ccccc3C)no2)cc1,6.920818753952375
COc1ccc(-c2nc(-c3cccc(C(F)(F)F)c3)no2)cc1,5.537602002101044
c1ccc(-c2noc(-c3ccccc3)n2)cc1,6.275724130399211
O=C(Nc1ccc2c(c1)N(S(=O)(=O)c1ccc(F)cc1)CCC2)c1c(F)cccc1F,5.119186407719209
O=C(Nc1ccc2c(c1)N(S(=O)(=O)c1ccc(F)cc1)CCC2)c1ccccc1Cl,5.229147988357856
O=C(Nc1ccc2c(c1)N(S(=O)(=O)c1ccc(F)cc1)CCC2)c1c(F)cccc1Cl,5.275724130399211
CC(C)(C)OC(=O)/N=C(\NCCCc1cc(C(=O)NCc2ccncc2)no1)NC(=O)OC(C)(C)C,4.812761380168522
CC(C)(C)OC(=O)/N=C(/NCCc1cc(NC(=O)Nc2ccncc2)no1)NC(=O)OC(C)(C)C,4.523748203992967
C[Si](C)(O)c1ccc(N(CC(F)(F)F)S(=O)(=O)c2ccccc2)cc1,4.958607314841775
COc1ccc(C(C)(C)c2cnc(SCCOc3ccc(-n4ccnc4)cc3)n2-c2ccc(F)cc2)cc1OC,5.1938200260161125
CNC(=O)O[C@@H](CC(C)C)c1nc([C@H]2OC(=O)/C(C)=C/C/C(C)=C/[C@@H](O)[C@@H](C)/C=C(C)\C=C(C)/C=C/[C@@H](O)[C@H](C)[C@H](OC)/C(C)=C/C=C/[C@@H]2C)cs1,6.698970004336019
CS(=O)(=O)NC(=O)c1ccc([C@@H]2C[C@H]2c2ccc(OCc3c(-c4c(Cl)cccc4Cl)noc3C3CC3)cc2Cl)cc1,7.337242168318426
Cn1nc(C(=O)O)c2ccc(C3CC3c3ccc(OCc4c(-c5c(Cl)cccc5Cl)noc4C4CC4)cc3Cl)cc21,7.8696662315049934
O=C(O)c1ccc(C2CC2c2ccc(OCc3c(-c4c(Cl)cccc4Cl)noc3C3CC3)cc2Cl)cn1,7.211124884224583
O=C(O)c1cccc([C@H]2C[C@](O)(c3ccc(OCc4c(-c5c(Cl)cccc5Cl)noc4C4CC4)cc3Cl)C2)c1,7.568636235841013
CC(C)c1onc(-c2c(Cl)cccc2Cl)c1COc1ccc(/C=C/c2cccc(C(=O)NNC(=S)Nc3ccc(-c4c5ccc(=O)cc-5oc5cc(O)ccc45)c(C(=O)O)c3)c2)c(Cl)c1,6.259637310505756
COc1ccc(C(=O)NCc2ccc(C(=O)O)cc2)cc1OC,6.431798275933005
O=C(O)c1ccc(CNC(=O)c2ccc3ccccc3c2)cc1,5.866461091629782
COc1cc(C(=O)NCc2ccc(C(=O)O)cc2)ccc1C(C)(C)C,5.920818753952375
CC(C)(C)c1ccc(NC(=O)Nc2ccc(C(=O)O)cc2)cc1,5.42021640338319
CC(C)(C)c1ccc(C(=O)NCc2ccc(C(=O)O)cc2Cl)cc1,5.1249387366083
CC(NC(=O)c1ccc(C(C)(C)C)cc1)c1ccc(C(=O)O)cc1,7.119186407719209
CC(=O)c1ccc(CNC(=O)c2ccc(C(C)(C)C)cc2)cc1,7.0
CC(C)(C)c1ccc(C(=O)NCc2ccc(C(N)=O)cc2)cc1,5.42021640338319
CNC(=O)c1ccc(CNC(=O)c2ccc(C(C)(C)C)cc2)cc1,6.468521082957745
CN(C)C(=O)c1ccc(CNC(=O)c2ccc(C(C)(C)C)cc2)cc1,6.769551078621726
CC(=O)Nc1ccc(CNC(=O)c2ccc(C(C)(C)C)cc2)cc1,5.537602002101044
CC(C)(C)c1ccc(C(=O)NCc2ccc(-c3nnn[nH]3)cc2)cc1,6.920818753952375
CCOc1ccc(CNC(=O)c2ccc(C(C)(C)C)cc2)cc1,6.795880017344075
CC(C)Oc1ccc(CNC(=O)c2ccc(C(C)(C)C)cc2)cc1,6.769551078621726
C[S+](O)c1ccc(CNC(=O)c2ccc(C(C)(C)C)cc2)cc1,5.886056647693163
CC(C)(C)c1ccc(C(=O)NCc2ccc(S(C)(=O)=O)cc2)cc1,5.42021640338319
CC(C)(C)c1ccc(C(=O)NCc2ccc(S(N)(=O)=O)cc2F)cc1,6.013228265733755
CC(C)(C)c1ccc(C(=O)NCc2ccc(N)cc2Cl)cc1,7.337242168318426
O=C(O)c1ccc2nc(N3CCC(OCc4c(-c5ccccc5C(F)(F)F)noc4C4CC4)CC3)sc2c1,7.167491087293763
O=C(O)c1ccc2nc(N3C4CCC3CC(OCc3c(-c5ccccc5OC(F)(F)F)noc3C3CC3)C4)sc2c1,9.211124884224583
COc1cc(C(=O)O)cc2sc(N3C4CCC3CC(OCc3c(-c5ccccc5OC(F)(F)F)noc3C3CC3)C4)nc12,9.30539480106643
O=C(O)c1cc(F)c2nc(N3C4CCC3CC(OCc3c(-c5ccccc5OC(F)F)noc3C3CC3)C4)sc2c1,9.271646217978772
O=C(O)c1cc(F)c2nc(N3C4CCC3CC(OCc3c(-c5ccccc5C(F)(F)F)noc3C3CC3)C4)sc2c1,9.30102999566398
Cc1ccc2nc(-c3ccc(Cl)c(Cl)c3)c(NCc3ccccc3)n2c1,7.619788758288394
Cc1ccc2nc(-c3ccc(Br)cc3)c(NCc3ccccc3)n2c1,6.366531544420414
Cc1ccc2nc(-c3ccc(Cl)cc3)c(NCc3ccccc3)n2c1,6.619788758288394
Cc1ccc2nc(-c3ccc4c(c3)OCCO4)c(NCc3ccccc3)n2c1,6.769551078621726
COc1cccc(-c2nc3ccc(C)cn3c2NCc2ccccc2)c1,6.6020599913279625
Cc1ccc2nc(CCc3ccccc3)c(NCc3ccccc3)n2c1,6.508638306165727
Cc1ccc2nc(-c3ccc4ccccc4c3)c(NCc3ccccc3)n2c1,6.6777807052660805
Cc1ccc(-c2nc3ccc(C)cn3c2NCc2ccccc2)cc1,6.886056647693163
Cc1ccc2nc(-c3ccccc3C)c(NCc3ccccc3)n2c1,6.585026652029182
Cc1ccc2nc(-c3ccccc3)c(NCc3ccccc3)n2c1,6.552841968657781
COc1ccc(CNc2c(-c3cccs3)nc3ccc(C)cn23)cc1,6.769551078621726
Cc1ccc(CNc2c(-c3cccs3)nc3ccc(C)cn23)cc1,6.657577319177793
Cc1ccn2c(NCCCCc3ccccc3)c(-c3cccs3)nc2c1,6.1249387366083
Cc1ccc2nc(-c3cccs3)c(NCCc3ccccc3)n2c1,6.0
c1ccc(CNc2c(-c3cccs3)nc3ccc(-c4ccccc4)cn23)cc1,6.698970004336019
FC(F)(F)c1ccc2nc(-c3cccs3)c(NCc3ccccc3)n2c1,6.337242168318426
Brc1ccc2nc(-c3cccs3)c(NCc3ccccc3)n2c1,6.301029995663981
Clc1ccc2nc(-c3cccs3)c(NCc3ccccc3)n2c1,6.795880017344075
CCc1ccn2c(NCc3ccccc3)c(-c3cccs3)nc2c1,5.920818753952375
c1ccc(CNc2c(-c3cccs3)nc3ccccn23)cc1,5.3979400086720375
Cc1ccc2nc(-c3ccc(Cl)cn3)c(NCc3ccccc3)n2c1,8.130768280269024
Cc1ccc2nc(-c3cc(Cl)ccn3)c(NCc3ccccc3)n2c1,8.823908740944319
Cc1ccc2nc(-c3cccc(Cl)n3)c(NCc3ccccc3)n2c1,7.096910013008056
Cc1ccc2nc(-c3cnccn3)c(NCc3ccccc3)n2c1,5.920818753952375
Cc1ccc2nc(-c3ccccn3)c(NCc3ccccc3)n2c1,7.698970004336019
Cc1ccc2nc(-c3ccco3)c(NCc3ccccc3)n2c1,6.251811972993799
Cc1ccc2nc(-c3ccc(F)c(Cl)c3)c(NCc3ccccc3)n2c1,7.585026652029182
CC[C@@H]1[C@@H]2C[C@H](O)CC[C@]2(C)[C@H]2CC[C@@]3(C)[C@@H](CC[C@@H]3[C@H](C)CCNC(=O)O[C@H]3CCOC3)[C@@H]2[C@@H]1O,7.070581074285707
CC[C@@H]1[C@@H]2C[C@H](O)CC[C@]2(C)[C@H]2CC[C@@]3(C)[C@@H](CC[C@@H]3[C@H](C)CCc3nn[nH]n3)[C@@H]2[C@@H]1O,7.221848749616356
CC[C@@H]1[C@@H]2C[C@H](O)CC[C@]2(C)[C@H]2CC[C@@]3(C)[C@@H](CC[C@@H]3[C@H](C)CCC3NC(=O)NC3=O)[C@@H]2[C@@H]1O,5.568636235841013
CC[C@@H]1[C@@H]2C[C@H](O)CC[C@]2(C)[C@H]2CC[C@@]3(C)[C@@H](CC[C@@H]3[C@H](C)CCc3cc(O)no3)[C@@H]2[C@@H]1O,7.522878745280337
CC[C@@H]1[C@@H]2C[C@H](O)CC[C@]2(C)[C@H]2CC[C@@]3(C)[C@@H](CC[C@@H]3[C@H](C)CCC(C)=O)[C@@H]2[C@@H]1O,6.0
CC[C@@H]1[C@@H]2C[C@H](O)CC[C@]2(C)[C@H]2CC[C@@]3(C)[C@@H](CC[C@@H]3[C@H](C)CCC(=O)S)[C@@H]2[C@@H]1O,6.619788758288394
CC[C@@H]1[C@@H]2C[C@H](O)CC[C@]2(C)[C@H]2CC[C@@]3(C)[C@@H](CC[C@@H]3[C@H](C)CCC(=O)NCC(=O)O)[C@@H]2[C@@H]1O,6.537602002101044
CC[C@@H]1[C@@H]2C[C@H](O)CC[C@]2(C)[C@H]2CC[C@@]3(C)[C@@H](CC[C@@H]3[C@H](C)CCCNC(=O)N3CC[C@H](O)C3)[C@@H]2[C@@H]1O,6.431798275933005
CC[C@@H]1[C@@H]2C[C@H](O)CC[C@]2(C)[C@H]2CC[C@@]3(C)[C@@H](CC[C@@H]3[C@H](C)CCNC(=O)N3CC[C@H](O)C3)[C@@H]2[C@@H]1O,7.096910013008056
CC[C@@H]1[C@@H]2C[C@H](O)CC[C@]2(C)[C@H]2CC[C@@]3(C)[C@@H](CC[C@@H]3[C@H](C)CCNC(=O)NC3CC3)[C@@H]2[C@@H]1O,7.154901959985743
CC[C@@H]1[C@@H]2C[C@H](O)CC[C@]2(C)[C@H]2CC[C@@]3(C)[C@@H](CC[C@@H]3[C@H](C)CCNC(N)=O)[C@@H]2[C@@H]1O,6.638272163982407
CC[C@@H]1[C@@H]2C[C@H](O)CC[C@]2(C)[C@H]2CC[C@@]3(C)[C@@H](CC[C@@H]3[C@H](C)CCCNS(C)(=O)=O)[C@@H]2[C@@H]1O,6.958607314841775
CC[C@@H]1[C@@H]2C[C@H](O)CC[C@]2(C)[C@H]2CC[C@@]3(C)[C@@H](CC[C@@H]3[C@H](C)CCNS(=O)(=O)c3ccccc3)[C@@H]2[C@@H]1O,6.327902142064283
CC[C@@H]1[C@@H]2C[C@H](O)CC[C@]2(C)[C@H]2CC[C@@]3(C)[C@@H](CC[C@@H]3[C@H](C)CCNS(=O)(=O)C3CC3)[C@@H]2[C@@H]1O,6.638272163982407
CC[C@@H]1[C@@H]2C[C@H](O)CC[C@]2(C)[C@H]2CC[C@@]3(C)[C@@H](CC[C@@H]3[C@H](C)CCNS(C)(=O)=O)[C@@H]2[C@@H]1O,6.552841968657781
CC[C@@H]1[C@@H]2C[C@H](O)CC[C@]2(C)[C@H]2CC[C@@]3(C)[C@@H](CC[C@@H]3[C@H](C)CCNC(C)=O)[C@@H]2[C@@H]1O,6.823908740944319
CC[C@@H]1[C@@H]2C[C@H](O)CC[C@]2(C)[C@H]2CC[C@@]3(C)[C@@H](CC[C@@H]3[C@H](C)CCNC(=O)C(=O)O)[C@@H]2[C@@H]1O,7.698970004336019
CC[C@@H]1[C@@H]2C[C@H](O)CC[C@]2(C)[C@H]2CC[C@@]3(C)[C@@H](CC[C@@H]3[C@H](C)CCNC(=O)OCc3ccccc3)[C@@H]2[C@@H]1O,6.522878745280337
CC[C@@H]1[C@@H]2C[C@H](O)CC[C@]2(C)[C@H]2CC[C@@]3(C)[C@@H](CC[C@@H]3[C@H](C)CCNC(=O)OC3CCCCC3)[C@@H]2[C@@H]1O,6.522878745280337
CC[C@@H]1[C@@H]2C[C@H](O)CC[C@]2(C)[C@H]2CC[C@@]3(C)[C@@H](CC[C@@H]3[C@H](C)CCNC(=O)OC3CCC3)[C@@H]2[C@@H]1O,6.823908740944319
CC[C@@H]1[C@@H]2C[C@H](O)CC[C@]2(C)[C@H]2CC[C@@]3(C)[C@@H](CC[C@@H]3[C@H](C)CCNC(=O)OC(C)C)[C@@H]2[C@@H]1O,6.522878745280337
CC[C@@H]1[C@@H]2Cc3[nH]ncc3C[C@]2(C)[C@H]2CC[C@@]3(C)[C@@H](CC[C@@H]3[C@H](C)CCC(=O)O)[C@@H]2[C@@H]1O,6.522878745280337
CC[C@@H]1[C@@H]2CCCC[C@]2(C)[C@H]2CC[C@@]3(C)[C@@H](CC[C@@H]3[C@H](C)CCC(=O)O)[C@@H]2[C@@H]1O,6.3979400086720375
CC[C@@H]1[C@@H]2CC(C)CC[C@]2(C)[C@H]2CC[C@@]3(C)[C@@H](CC[C@@H]3[C@H](C)CCC(=O)O)[C@@H]2[C@@H]1O,5.823908740944319
CC[C@@H]1[C@@H]2C[C@H](OC)CC[C@]2(C)[C@H]2CC[C@@]3(C)[C@@H](CC[C@@H]3[C@H](C)CCC(=O)O)[C@@H]2[C@@H]1O,5.7447274948966935
CC[C@@H]1[C@@H]2C[C@H](O)CC[C@]2(C)[C@H]2CC[C@@]3(C)[C@@H](CC[C@@H]3[C@H](C)CCC(=O)NS(C)(=O)=O)[C@@H]2[C@@H]1O,7.301029995663981
C[C@H](CCC(=O)O)[C@H]1CC[C@H]2[C@@H]3CC[C@@H]4C[C@H](O[C@@H]5O[C@H](CO)[C@@H](O)[C@H](O)[C@H]5O)CC[C@]4(C)[C@H]3C[C@H](O)[C@@]21C,4.119186407719209
C[C@H](CCC(=O)O)[C@H]1CC[C@H]2[C@H]3[C@H](C[C@H](O)[C@@]21C)[C@@]1(C)CC[C@@H](O[C@@H]2O[C@H](CO)[C@@H](O)[C@H](O)[C@H]2O)C[C@H]1C[C@H]3O,4.038578905933552
C[C@H](CCC(=O)O)[C@H]1CC[C@H]2[C@H]3[C@H](C[C@H](O)[C@@]21C)[C@@]1(C)CC[C@@H](O)C[C@H]1C[C@H]3O,4.346787486224656
O=C(O)c1ccc(N2CC(O)(c3ccc(OCc4c(-c5c(Cl)cccc5Cl)noc4C4CC4)cc3Cl)C2)nc1,8.314258261397736
O=C(O)c1ccccc1-c1ccccc1C(=O)N1CCN(Cc2ccc3c(c2)OCO3)CC1,5.2225731776106885
O=C(Nc1cccc2c(=O)cc(-c3nn[nH]n3)oc12)c1ccc(OCCCCc2ccccc2)cc1,4.823908740944319
CC(=O)NCCN(Cc1ccccc1)C(=O)c1c2c(nn1C)-c1cc(Br)ccc1OC2,5.221848749616356
CC(=O)NCCN(Cc1ccc(F)cc1)C(=O)c1nn(C)c2c1COc1ccc(Br)cc1-2,6.279840696594043
CC(=O)NCCN(Cc1ccccc1F)C(=O)c1nn(C)c2c1COc1ccc(Br)cc1-2,7.462180904926726
CCC(C)c1ccc2c(c1)-c1c(c(C(=O)N(CCNC(C)=O)Cc3ccccc3)nn1C)CO2,7.602059991327962
CC(=O)NCCN(Cc1ccccc1)C(=O)c1nn(C)c2c1COc1ccc(Br)cc1-2,7.356547323513812
COC(C[C@@H](C)C1=C2C[C@H](O)[C@H]3[C@@]4(C)CCC(=O)C(C)(C)[C@@H]4CC[C@]3(C)[C@@]2(C)CC1)OC,5.251811972993799
CC(=O)O[C@H]([C@@H]1C[C@@H](C)C2=C3[C@H](O)C[C@@H]4[C@](C)(CC[C@H]5C(C)(C)C(=O)CC[C@]45C)[C@@]3(C)C[C@@H]2O1)C(C)(C)O,4.521722168080395
CO[C@H]1C[C@@]2(C)C(=C1[C@H](C)C[C@H](O)[C@@H](OC(C)=O)C(C)(C)O)[C@H](O)C[C@@H]1[C@]2(C)CC[C@H]2C(C)(C)C(=O)CC[C@]12C,4.784362436564939
COC(=O)C[C@@H](C)C1=C2[C@H](O)C[C@@H]3[C@](C)(CC[C@H]4C(C)(C)C(=O)CC[C@]34C)[C@@]2(C)C[C@@H]1OC,4.693574972449313
C=C(C)[C@@H](O)[C@@H]1C[C@@H](C)[C@@]2(CC[C@@]3(C)C2=C[C@H](OC)[C@H]2[C@@]4(C)CCC(=O)C(C)(C)[C@@H]4CC[C@@]23C)O1,4.7544873321858505
CC(C)[C@H]1O[C@H]2C3=C([C@H](C)C[C@H](O)[C@@H](O)C(C)(C)O)CC[C@]3(C)[C@@]3(C)CC[C@H]4C(C)(C)C(=O)CC[C@]4(C)[C@@H]3[C@H]2O1,4.959793372425289
COC(OC)C(C)(C)[C@@H](O)C[C@@H](C)C1=C2C[C@H](O)[C@H]3[C@@]4(C)CCC(=O)C(C)(C)[C@@H]4CC[C@]3(C)[C@@]2(C)CC1,4.91829272990265
CCOC(C)(C)[C@H](O)[C@@H](O)C[C@@H](C)C1=C2C=C[C@H]3[C@@]4(C)CCC(=O)C(C)(C)[C@@H]4CC[C@]3(C)[C@@]2(C)CC1=O,4.832682665251824
C[C@@H]1C[C@@H]([C@@H](O)C(C)(C)O)O[C@H]2C[C@@]3(C)C(=C21)[C@H](O)C[C@@H]1[C@]3(C)CC[C@H]2C(C)(C)C(=O)CC[C@]12C,4.692076296388119
CC(C)C(=O)[C@@H](O)C[C@@H](C)C1=C2C[C@H](O)[C@H]3[C@@]4(C)CCC(=O)C(C)(C)[C@@H]4CC[C@]3(C)[C@@]2(C)CC1,7.045757490560675
C=C(C)[C@H](O)[C@@H]1C[C@@H](C)C2=C3C[C@H](O)[C@H]4[C@@]5(C)CCC(=O)C(C)(C)[C@@H]5CC[C@]4(C)[C@@]3(C)C[C@@H]2O1,4.876148359032914
COC(C)(C)[C@H](O)[C@@H](O)C[C@@H](C)C1=C2C[C@H](O)[C@H]3[C@@]4(C)CCC(=O)C(C)(C)[C@@H]4CC[C@]3(C)[C@@]2(C)CC1,5.050609993355087
C[C@H](C[C@H](O)[C@@H](O)C(C)(C)O)C1=C2C=C[C@H]3[C@@]4(C)CCC(=O)C(C)(C)[C@@H]4CC[C@]3(C)[C@@]2(C)CC1=O,5.221848749616356
C[C@@H]1C[C@@H]([C@@H](O)C(C)(C)O)O[C@H]2C[C@@]3(C)C(=C21)C[C@H](O)[C@H]1[C@@]2(C)CCC(=O)C(C)(C)[C@@H]2CC[C@@]13C,4.82102305270683
C[C@H](C[C@H](O)[C@@H](O)C(C)(C)O)C1=C2C[C@H](O)[C@H]3[C@@]4(C)CCC(=O)C(C)(C)[C@@H]4CC[C@]3(C)[C@@]2(C)CC1,4.9931062920521
C[C@H](C[C@H](O)[C@H]1OC1(C)C)C1=C2C[C@H](O)[C@H]3[C@@]4(C)CCC(=O)C(C)(C)[C@@H]4CC[C@]3(C)[C@@]2(C)CC1,5.055517327849832
C=C(C)[C@@H](O)[C@@H](O)C[C@@H](C)C1=C2CC[C@@H]3[C@](C)(CC[C@H]4C(C)(C)C(=O)CC[C@]34C)[C@@]2(C)CC1,5.518557371497695
C[C@@H]1CC(=O)[C@@H](C(C)(C)O)O[C@H]2C[C@@]3(C)C(=C21)C=C[C@H]1[C@@]2(C)CCC(=O)C(C)(C)[C@@H]2CC[C@@]13C,4.982966660701219
CCOC(C)(C)[C@H](O)[C@@H](O)C[C@@H](C)C1=C2C[C@H](O)[C@H]3[C@@]4(C)CCC(=O)C(C)(C)[C@@H]4CC[C@]3(C)[C@@]2(C)CC1,6.026872146400302
CC(=O)C1=C2C=C[C@H]3[C@@]4(C)CCC(=O)C(C)(C)[C@@H]4CC[C@]3(C)[C@@]2(C)CC1=O,4.693789491832239
CC(C)(O)[C@@H]1O[C@](C)(C2=C3C[C@H](O)[C@H]4[C@@]5(C)CCC(=O)C(C)(C)[C@@H]5CC[C@]4(C)[C@@]3(C)CC2=O)C[C@@H]1O,4.925915310971757
CC1=CC(=O)C[C@]2(C)[C@@H]3[C@@H](O)CC4=C([C@H](C)C[C@H](O)[C@@H](O)C(C)(C)O)CC[C@]4(C)[C@@]3(C)CC[C@@H]12,5.248720896016658
C[C@H](C[C@H](O)[C@@H](O)C(C)(C)O)C1=C2C[C@H](O)[C@H]3[C@@]4(C)CCC(=O)C(C)(C)[C@@H]4CC[C@]3(C)[C@@]2(C)C=C1,4.187822225841246
CC(=O)O[C@@H](C[C@@H](C)C1=C2C=C[C@H]3[C@@]4(C)CCC(=O)C(C)(C)[C@@H]4CC[C@]3(C)[C@@]2(C)CC1=O)[C@H](O)C(C)(C)O,4.915781313260761
C[C@H](CC(=O)[C@H](O)C(C)(C)O)C1=C2C=C[C@H]3[C@@]4(C)CCC(=O)C(C)(C)[C@@H]4CC[C@]3(C)[C@@]2(C)CC1=O,4.810509686300632
CC(=O)O[C@H]1C[C@@H](C)C2=C3C[C@H](O)[C@H]4[C@@]5(C)CCC(=O)C(C)(C)[C@@H]5CC[C@]4(C)[C@@]3(C)C[C@@H]2O[C@H]1C(C)(C)O,4.695724949522872
CC(=O)O[C@H]([C@@H]1C[C@@H](C)C2=C3C[C@H](O)[C@H]4[C@@]5(C)CCC(=O)C(C)(C)[C@@H]5CC[C@]4(C)[C@@]3(C)C[C@@H]2O1)C(C)(C)O,4.597051170655595
C[C@@H]1C[C@@H]([C@H]2OC2(C)C)O[C@H]2C[C@@]3(C)C(=C21)C[C@H](O)[C@H]1[C@@]2(C)CCC(=O)C(C)(C)[C@@H]2CC[C@@]13C,5.486782399932061
CC(=O)O[C@@H](C[C@@H](C)C1=C2C[C@H](O)[C@H]3[C@@]4(C)CCC(=O)C(C)(C)[C@@H]4CC[C@]3(C)[C@@]2(C)CC1=O)[C@H]1OC1(C)C,5.6777807052660805
CCCCOC(C)(C)[C@H](O)[C@@H](O)C[C@@H](C)C1=C2C[C@H](O)[C@H]3[C@@]4(C)CCC(=O)C(C)(C)[C@@H]4CC[C@]3(C)[C@@]2(C)CC1,6.366531544420414
CCO[C@H]1C[C@@]2(C)C(=C1[C@H](C)C[C@H](OC(C)=O)[C@H]1OC1(C)C)C[C@H](O)[C@H]1[C@@]3(C)CCC(=O)C(C)(C)[C@@H]3CC[C@@]12C,5.8996294548824375
C[C@H](C[C@H](O)[C@@H](O)C(C)(C)O)C1=C2C[C@H](O)[C@H]3[C@@]4(C)CCC(=O)C(C)(C)[C@@H]4C[C@@H](O)[C@]3(C)[C@@]2(C)CC1,4.756961951313706
C[C@@H]1C[C@@H]2O[C@@]3(C[C@@]4(C)C(=C13)C=C[C@H]1[C@@]3(C)CCC(=O)C(C)(C)[C@@H]3CC[C@@]14C)O[C@H]2C(C)(C)O,5.476253533188435
CC(=O)O[C@H]([C@@H]1C[C@@H](C)C2=C3C=C[C@H]4[C@@]5(C)CCC(=O)C(C)(C)[C@@H]5CC[C@]4(C)[C@@]3(C)C[C@@H]2O1)C(C)(C)O,5.324221658325915
C[C@H](C[C@H](O)[C@@H](O)[C@@]1(C)CO1)C1=C2C[C@H](O)[C@H]3[C@@]4(C)CCC(=O)C(C)(C)[C@@H]4CC[C@]3(C)[C@@]2(C)CC1,6.920818753952375
C=C(C)[C@@H]1OC(C)(C)O[C@H]1C[C@@H](C)C1=C2C[C@H](O)[C@H]3[C@@]4(C)CCC(=O)C(C)(C)[C@@H]4CC[C@]3(C)[C@@]2(C)CC1,5.055517327849832
C[C@H](C[C@H](O)C(=O)C(C)(C)O)C1=C2[C@@H](O)[C@H](O)[C@H]3[C@@]4(C)CCC(=O)C(C)(C)[C@@H]4C[C@@H](O)[C@]3(C)[C@@]2(C)CC1,4.991825815993574
CC(=O)O[C@H]([C@@H](O)C[C@@H](C)C1=C2CC[C@@H]3[C@](C)(CC[C@H]4C(C)(C)C(=O)CC[C@]34C)[C@@]2(C)CC1)C(C)(C)O,5.016824927962187
CC(C)[C@@H](O)C[C@@H](C)C1=C2C[C@H](O)[C@H]3[C@@]4(C)CCC(=O)C(C)(C)[C@@H]4CC[C@]3(C)[C@@]2(C)CC1,5.176525770829699
C[C@H](C/C=C(/C=O)c1ccccc1)C1=C2C[C@H](O)[C@H]3[C@@]4(C)CCC(=O)C(C)(C)[C@@H]4CC[C@]3(C)[C@@]2(C)CC1,5.328827157284917
CC(C)c1onc(-c2c(Cl)cccc2Cl)c1COc1cccc(C#N)c1,4.992679047077256
CC(C)c1onc(-c2c(Cl)cccc2Cl)c1COc1ccc(S(C)(=O)=O)cc1,5.962573502059376
CC(C)c1onc(-c2c(Cl)cccc2Cl)c1COc1ccc(C(=O)O)cc1,5.175874166083451
CC(C)c1onc(-c2c(Cl)cccc2Cl)c1COc1ccc(C#N)cc1,6.091514981121351
COC(=O)c1ccc(OCc2c(-c3c(Cl)cccc3Cl)noc2C(C)C)cc1,5.444905551421681
CC(C)c1onc(-c2c(Cl)cccc2Cl)c1COc1ccc(COc2ccc(CO)cc2)cc1,6.130768280269024
COC(=O)c1ccc(OCc2ccc(OCc3c(-c4c(Cl)cccc4Cl)noc3C(C)C)cc2)cc1,6.136677139879544
CC(C)c1onc(-c2c(Cl)cccc2Cl)c1COc1cccc(C(=O)O)c1,4.704652851666382
COC(=O)c1cccc(-c2ccc(OCc3c(-c4c(Cl)cccc4Cl)noc3C(C)C)cc2)c1,5.552841968657781
CC(C)c1onc(-c2c(Cl)cccc2Cl)c1COc1ccc(-c2cccc(CO)c2)cc1,6.080921907623926
CC(C)c1onc(-c2c(Cl)cccc2Cl)c1COc1ccc(-c2cccc(C(=O)O)c2)cc1,5.853871964321762
CC(C)c1onc(-c2c(Cl)cccc2Cl)c1COc1ccc(COc2cccc(CO)c2)cc1,6.173925197299173
CC(C)c1onc(-c2c(Cl)cccc2Cl)c1COc1ccc(COc2cccc(C#N)c2)cc1,5.267606240177032
COC(=O)c1cccc(OCc2ccc(OCc3c(-c4c(Cl)cccc4Cl)noc3C(C)C)cc2)c1,5.939302159646388
CC(C)c1onc(-c2c(Cl)cccc2Cl)c1COc1ccc(COc2ccc(C(=O)O)cc2)cc1,6.522878745280337
CC(C)c1onc(-c2c(Cl)cccc2Cl)c1COc1ccc(COc2ccc(C#N)cc2)cc1,6.026872146400302
CCn1c(-c2ccc(OCc3c(-c4c(Cl)cccc4Cl)noc3C(C)C)cc2)nc2ccc(C(=O)O)cc21,7.9663752287807394
CC(C)c1onc(-c2c(Cl)cccc2Cl)c1COc1ccc(-c2nc3ccc(C(=O)O)cc3n2CC(C)(C)C)cc1,7.723538195826756
CC(C)c1onc(-c2c(Cl)cccc2Cl)c1COc1ccc(-c2nc3ccc(C(=O)O)cc3n2CC2CCCCC2)cc1,7.99097425791309
CC(C)c1onc(-c2c(Cl)cccc2Cl)c1COc1ccc(-c2nc3ccc(C(=O)O)cc3n2-c2ccc(F)cc2)cc1,7.62616885492617
CC(C)c1onc(-c2c(Cl)cccc2Cl)c1COc1ccc(-c2nc3ccc(C(=O)O)cc3n2C2CCCC2)cc1,7.866461091629782
CC(=O)N1CCC(n2c(-c3ccc(OCc4c(-c5c(Cl)cccc5Cl)noc4C(C)C)cc3)nc3ccc(C(=O)O)cc32)CC1,5.844056982028163
CC(=O)C1CCC(Cn2c(-c3ccc(OCc4c(-c5c(Cl)cccc5Cl)noc4C(C)C)cc3)nc3ccc(C(=O)O)cc32)CC1,5.933264204649071
CC(C)c1onc(-c2c(Cl)cccc2Cl)c1COc1ccc(-c2nc3ccc(C(=O)O)cc3n2CC2CCCCC2)c(F)c1,8.10790539730952
CC(C)c1onc(-c2c(Cl)cccc2Cl)c1COc1ccc(-c2nc3ccc(C(=O)O)cc3n2C)cc1Cl,7.721246399047171
CC(C)c1onc(-c2c(Cl)cccc2Cl)c1COc1ccc(-c2nc3cc(C(=O)O)ccc3n2C)cc1,7.58838029403677
CC(C)c1onc(-c2c(Cl)cccc2Cl)c1COc1ccc(-c2nc3ccc(C(=O)O)cc3n2C)cc1,7.494850021680094
CC(C)c1onc(-c2ccccc2)c1COc1ccc(CCCC(=O)O)cc1,4.508638306165727
CC(C)c1onc(-c2ccccc2)c1COc1ccc(Oc2ccc(C(=O)O)cc2)cc1,4.958607314841775
CC(C)c1onc(-c2ccccc2)c1COc1ccc(COc2ccc(C(=O)O)cc2)cc1,5.638272163982407
CC(C)c1onc(-c2c(Cl)cccc2Cl)c1COc1ccc(CCCC(=O)O)cc1,5.221848749616356
Cc1cccc(C)c1-c1noc(C(C)C)c1COc1ccc(CCCC(=O)O)cc1,5.113509274827518
CC(C)c1onc(-c2c(Cl)cccc2Cl)c1COc1ccc(COc2ccc(CC(=O)O)cc2)cc1,5.698970004336019
Cc1cc(NCc2ccc(OCc3c(-c4c(Cl)cccc4Cl)noc3C(C)C)cc2)ccc1CC(=O)O,5.920818753952375
CC(C)c1onc(-c2c(Cl)cccc2Cl)c1COc1ccc(COc2ccc(CC(=O)O)cc2)c(Cl)c1,6.096910013008056
CC(C)c1onc(-c2c(Cl)cccc2Cl)c1COc1ccc(CNc2ccc(CC(=O)O)cc2)c(Cl)c1,6.026872146400302
C[C@H](CCC(=O)NCCS(=O)(=O)O)[C@H]1CC[C@H]2[C@H]3[C@H](CC[C@@]21C)[C@@]1(C)CC[C@@H](O)C[C@H]1C[C@H]3O,5.522878745280337
CCOC(=O)NCC[C@@H](C)C1CC[C@H]2[C@H]3[C@H](CC[C@]12C)[C@@]1(C)CC[C@@H](O)CC1C[C@H]3O,5.565431095965801
COC(=O)/C=C/c1cccc(N(Cc2ccc(/C=C/c3ccccc3F)cc2)C(=O)C2CCCCC2)c1,7.1938200260161125
COC(=O)/C=C/c1cccc(N(Cc2ccc(/C=C/c3ccc(F)cc3)cc2)C(=O)C(C)C)c1,6.920818753952375
COC(=O)/C=C/c1cccc(N(Cc2ccc(/C=C/c3scnc3C)cc2)C(=O)C2CCCCC2)c1,6.6439741428068775
COC(=O)/C=C/c1cccc(N(Cc2ccc(/C=C/c3scnc3C)cc2)C(=O)C(C)C)c1,6.642065152999546
COC(=O)/C=C/c1cccc(N(Cc2ccc(-c3ccc(N(C)C)cc3)cc2)C(=O)C2CCCCC2)c1,7.602059991327962
COC(=O)/C=C/c1cccc(N(Cc2ccc(-c3ccc(N(C)C)cc3)cc2)C(=O)NC(C)C)c1,6.790484985457369
COC/C=C/c1ccc(CN(C(=O)C2CCCCC2)c2cccc(/C=C/C(=O)OC)c2)cc1,6.632644078973981
COC(=O)/C=C/c1cccc(N(Cc2ccc(-c3ccc(C)s3)cc2)C(=O)C2CCCCC2)c1,6.686132779630847
COC(=O)/C=C/c1cccc(N(Cc2ccc(-c3ccc(C(C)=O)s3)cc2)C(=O)C2CCCCC2)c1,6.59176003468815
COC(=O)/C=C/c1cccc(N(Cc2cc(OC)cc(OC)c2)C(=O)C2CCCCC2)c1,6.218761779462244
COC(=O)/C=C/c1cccc(N(Cc2ccc(-c3cccc(C)c3)cc2)C(=O)NC(C)C)c1,5.878069374782206
COC(=O)/C=C/c1cccc(N(Cc2ccc(-c3ccc(OC(F)(F)F)cc3)cc2)C(=O)C2CCCCC2)c1,6.57919465850906
CCC(CC)(c1ccc(OCC(=O)O)c(C)c1)c1ccc(OCc2c(-c3c(Cl)cccc3Cl)noc2C(C)C)c(C)c1,5.468521082957745
C[C@H](CCNC(=O)OCc1ccccc1)C1CC[C@H]2[C@H]3[C@H](CC[C@]12C)[C@@]1(C)CC[C@@H](O)CC1C[C@H]3O,6.102372908709558
CCCNC(=O)c1cccc(/C=C/c2ccc(OCc3c(-c4c(Cl)cccc4Cl)noc3C(C)C)cc2Cl)c1,5.045757490560675
CC(C)(C)c1onc(-c2c(Cl)cccc2Cl)c1COc1ccc(/C=C/c2cccc(C(=O)O)c2)c(Cl)c1,5.886056647693163
CC(C)c1onc(-c2c(Cl)cccc2Cl)c1COc1ccc(C(=O)N(CCc2ccccc2)c2cccc(C(=O)O)c2)c(Cl)c1,6.075720713938118
CC(C)c1onc(-c2c(Cl)cccc2Cl)c1COc1ccc(C(=O)N(C)c2cccc(C(=O)O)c2)c(Cl)c1,5.508638306165727
CC1C[C@@H]2C[C@H](O)CC[C@]2(C)[C@H]2CC[C@@]3(C)[C@@H](CC[C@@H]3[C@H](C)CCC(=O)O)[C@H]12,4.790484985457369
CCOC(=O)C1=CN(C(=O)c2ccc(OC)cc2)CC(C)c2c1[nH]c1ccccc21,7.221848749616356
CCOC(=O)C1=CN(C(=O)c2ccc(F)cc2)CC(C)(C)c2c1[nH]c1ccccc21,7.657577319177793
CC(C)OC(=O)C1=CN(C(=O)c2ccc(F)cc2)CC(C)(C)c2c1[nH]c1ccccc21,8.096910013008056
Cc1cccc(COc2cccc(/C=C3\C(=O)NN(c4ccccc4)C3=O)c2)c1,5.288192770958809
COc1ccccc1-c1noc(C(C)C)c1COc1ccc(/C=C/c2cccc(C(=O)O)c2)c(Cl)c1,5.0
Cc1cc(OCc2c(-c3c(Cl)cn(C)c(=O)c3Cl)noc2C(C)C)ccc1-c1ccc2c(C(=O)O)cn(C)c2c1,4.920818753952375
CC(C)OC(=O)C1=CN(C(=O)c2ccc(OCCCN(C)C)cc2)CC(C)(C)c2c1[nH]c1ccccc21,6.567030709125595
CC(C)OC(=O)C1=CN(C(=O)c2cccc(OCCCN(C)C)c2)CC(C)(C)c2c1[nH]c1ccccc21,6.209714835966758
CC(C)OC(=O)C1=CN(C(=O)c2ccc(OCCCN3CCOCC3)cc2)CC(C)(C)c2c1[nH]c1cc(F)ccc21,7.055517327849832
CC(C)c1onc(-c2c(Cl)cccc2Cl)c1COc1ccc(N(C)Cc2ccc(OCCO)cc2)c(C(F)(F)F)n1,6.7972393126068
CN(Cc1cccc(C(=O)O)c1)c1ccc(OCc2c(-c3c(Cl)cccc3Cl)noc2C2CC2)nc1C(F)(F)F,8.330993219041424
O=C(O)CCc1ccc(NC(=O)[C@H](C2CCCCC2)n2c(-c3ccc(Cl)cc3)nc3cc(F)c(F)cc32)c(F)c1,7.443697499232712
O=C(N[C@H]1CC[C@H](O)CC1)[C@H](C1CCCCC1)n1c(-c2ccc(Cl)cc2)nc2cc(F)c(F)cc21,6.522878745280337
O=C(Nc1ccc(-c2nnn[nH]2)cc1F)[C@H](C1CCCCC1)n1c(-c2ccc(Cl)cc2)nc2cc(F)c(F)cc21,6.522878745280337
O=C(O)CCc1ccc(NC(=O)C(C2CCCCC2)n2c(-c3ccc(Cl)cc3)nc3cc(F)c(F)cc32)cc1,5.698970004336019
O=C(O)C[C@H]1CC[C@H](NC(=O)[C@H](C2CCCCC2)n2c(-c3ccc(Cl)cc3)nc3cc(F)c(F)cc32)CC1,5.301029995663981
CC(C)c1onc(-c2c(Cl)cccc2Cl)c1COc1ccc(-c2ccc3nc(C(=O)O)nnc3c2)cc1,6.443697499232712
COc1ccccc1-n1nc(C)c2c1NC(=O)[C@H](C)S[C@@H]2c1ccc(Oc2ccccc2)cc1,5.481486060122113
Cc1nn(-c2ccccc2I)c2c1C(c1ccc(Oc3ccccc3)cc1)SC(C)C(=O)N2,5.886056647693163
Cc1nn(-c2ccccc2Br)c2c1C(c1ccc(Oc3ccccc3)cc1)SC(C)C(=O)N2,5.7447274948966935
Cc1nn(-c2ccccc2Cl)c2c1C(c1ccc(Oc3ccccc3)cc1)SC(C)C(=O)N2,5.568636235841013
Cc1nn(-c2ccccc2F)c2c1C(c1ccc(Oc3ccccc3)cc1)SC(C)C(=O)N2,5.4089353929735005
Cc1nn(-c2ccccc2C(C)C)c2c1[C@@H](c1ccc(Oc3ccccc3)cc1)S[C@@H](C)C(=O)N2,5.721246399047171
COc1ccc(-c2ccc([C@H]3S[C@@H](C)C(=O)Nc4c3c(C)nn4-c3ccccc3C)cc2)cc1,5.920818753952375
COC(=O)/C=C/c1cccc(N(Cc2ccc(/C=C/c3ccccc3)cc2)C(=O)C2CCCCC2)c1,7.443697499232712
CC1(C)CCC[C@@]2(C)[C@H]1CC[C@]1(C)[C@@H](CCc3ccoc3)[C@@H](O)CC[C@H]21,4.6020599913279625
N#Cc1ccc(S(=O)(=O)N(CC(F)(F)F)c2ccc(C(O)(C(F)(F)F)C(F)(F)F)cc2)cc1,5.522878745280337
CCc1ccc(C(=O)Nc2ccccc2C(=O)NCCCC(=O)O)cc1,5.236572006437063
COC(=O)CCCNC(=O)c1ccccc1NC(=O)c1ccc2ccccc2c1,5.1487416512809245
O=C(O)c1cccc(NC(=O)c2ccccc2NC(=O)c2ccc(Br)cc2)c1,5.431798275933005
COc1ccc(C(=O)O)cc1NC(=O)c1ccccc1NC(=O)c1ccc(C(C)(C)C)cc1,5.327902142064283
Cc1ccc(NC(=O)c2ccccc2NC(=O)c2ccc(C(C)(C)C)cc2)cc1C(=O)O,7.346787486224656
O=C(O)Cc1cccc(NC(=O)c2ccccc2NC(=O)c2ccc(C(F)(F)F)cc2)c1,5.585026652029182
O=C(O)Cc1cccc(NC(=O)c2ccccc2NC(=O)c2ccc(SC(F)(F)F)cc2)c1,5.154901959985743
CC(=O)N1CCN(c2ccc(CN(C3CCC3)S(=O)(=O)Cc3ccccc3F)c(F)c2)CC1,5.214670164989233
CCN(CC)c1ccc2cc(-c3nc(-c4ccccc4)no3)c(=O)oc2c1,6.337242168318426
Cc1ccccc1-c1noc(-c2cccc(C(=O)O)c2)n1,8.142667503568731
O=C(O)c1cncc(C2CC2c2ccc(OCc3c(-c4c(Cl)cccc4Cl)noc3C3CC3)cc2Cl)c1,7.920818753952375
O=C(O)c1ccc(CNC(=O)c2ccc(-c3ccccc3)cc2)cc1,6.356547323513812
CC(C)(C)c1ccc(C(=O)NCc2ccc(CC(=O)O)cc2)cc1,5.1938200260161125
CC(C)(C)c1ccc(C(=O)NCc2ccc(CCC(=O)O)cc2)cc1,6.455931955649724
CC(C)(C)c1ccc(C(=O)NCc2ccc(OCC(=O)O)cc2)cc1,6.136677139879544
Cc1cc(CNC(=O)c2ccc(C(C)(C)C)cc2)ccc1C(=O)O,6.795880017344075
CC(C)(C)c1ccc(C(=O)NCc2ccc(C(=O)O)c(F)c2)cc1,6.853871964321762
CC(C)(C)c1ccc(C(=O)NCc2ccc(C(=O)O)c(Cl)c2)cc1,8.05551732784983
CC(C)(C)c1ccc(C(=O)NCc2ccc(C=O)cc2)cc1,5.275724130399211
CC(C)(C)c1ccc(C(=O)NCc2ccc(NC(=O)C(F)(F)F)cc2)cc1,6.585026652029182
CC(C)(C)c1ccc(C(=O)NCc2ccc(S(N)(=O)=O)cc2)cc1,5.853871964321762
COc1ccc(CNC(=O)c2ccc(C(C)(C)C)cc2)cc1,6.823908740944319
CC(C)(C)c1ccc(C(=O)NCc2ccc(OC(F)(F)F)cc2)cc1,6.795880017344075
CC(C)(C)c1ccc(C(=O)NCc2ccc(SC(F)(F)F)cc2)cc1,9.397940008672036
CC(C)(C)c1ccc(C(=O)NCc2ccc(NC(=O)C(F)(F)F)cc2Cl)cc1,7.853871964321762
O=C(O)c1ccc2nc(N3CCC(OCc4c(-c5c(Cl)cccc5Cl)noc4C4CC4)CC3)sc2c1,8.050609993355087
O=C(O)c1ccc2nc(N3CCC(OCc4c(-c5ccccc5OC(F)(F)F)noc4C4CC4)CC3)sc2c1,7.721246399047171
COc1ccc(-c2nc3ccc(C)cn3c2NCc2ccccc2)cc1OC,6.040958607678906
Cc1ccc2nc(-c3ccc(-c4ccccc4)cc3)c(NCc3ccccc3)n2c1,7.091514981121351
Cc1cccc(-c2nc3ccc(C)cn3c2NCc2ccccc2)c1,6.7447274948966935
COc1ccc2nc(-c3cccs3)c(NCc3ccccc3)n2c1,6.080921907623926
Cc1ccc2nc(-c3ccoc3)c(NCc3ccccc3)n2c1,5.721246399047171
CC[C@@H]1[C@@H]2C[C@H](O)CC[C@]2(C)[C@H]2CC[C@@]3(C)[C@@H](CC[C@@H]3[C@H](C)CCNC(=O)OC)[C@@H]2[C@@H]1O,6.522878745280337
CC[C@@H]1[C@@H]2CC3(CC3)CC[C@]2(C)[C@H]2CC[C@@]3(C)[C@@H](CC[C@@H]3[C@H](C)CCC(=O)O)[C@@H]2[C@@H]1O,6.154901959985743
CC[C@@H]1[C@@H]2CC(F)(F)CC[C@]2(C)[C@H]2CC[C@@]3(C)[C@@H](CC[C@@H]3[C@H](C)CCC(=O)O)[C@@H]2[C@@H]1O,5.958607314841775
O=C(O)c1cnc(N2CC(O)(c3ccc(OCc4c(-c5c(Cl)cncc5Cl)noc4C4CC4)cc3Cl)C2)c(F)c1,8.309803919971486
O=C(O)c1cnc(N2CC(O)(c3ccc(OCc4c(-c5c(Cl)cccc5Cl)noc4C4CC4)cc3Cl)C2)c(F)c1,8.332547047110046
CN(Cc1ccc(N2CCCCC2)cc1)C(=O)c1n[nH]c(=O)c2ccccc12,4.841637507904751
CC(=O)NCCN(Cc1ccccc1)C(=O)c1n[nH]c2c1COc1ccc(Br)cc1-2,4.958607314841775
CC(=O)O[C@H]([C@@H]1C[C@@H](C)C2=C3CC[C@@H]4[C@](C)(CC[C@H]5C(C)(C)C(=O)CC[C@]45C)[C@@]3(C)C[C@@H]2O1)C(C)(C)O,4.328271911760442
COC(C)(C)[C@H](OC(C)=O)[C@@H]1C[C@@H](C)C2=C3C[C@H](O)[C@H]4[C@@]5(C)CCC(=O)C(C)(C)[C@@H]5CC[C@]4(C)[C@@]3(C)C[C@@H]2O1,4.77780395369828
C[C@@H]1C[C@@H]([C@@H](O)C(C)(C)O)O[C@H]2C[C@@]3(C)C(=C21)CC[C@@H]1[C@]3(C)CC[C@H]2C(C)(C)C(=O)CC[C@]12C,4.877456475931246
C[C@H](C[C@H](O)[C@@H](O)C(C)(C)O)C1=C2C[C@H](O)[C@H]3[C@@]4(C)CCC(=O)C(C)(C)[C@@H]4CC[C@]3(C)[C@@]2(C)CC1=O,4.52753610339301
C[C@H](C[C@H](O)[C@H]1OC1(C)C)C1=C2CC[C@@H]3[C@](C)(CC[C@H]4C(C)(C)C(=O)CC[C@]34C)[C@@]2(C)CC1,6.958607314841775
C[C@H](C[C@H](O)C(=O)C(C)(C)O)C1=C2C[C@H](O)[C@H]3[C@@]4(C)CCC(=O)C(C)(C)[C@@H]4C[C@@H](O)[C@]3(C)[C@@]2(C)CC1,5.651695136951839
CC(=O)/C=C/C[C@@H](C)C1=C2C[C@H](O)[C@H]3[C@@]4(C)CCC(=O)C(C)(C)[C@@H]4CC[C@]3(C)[C@@]2(C)CC1,6.537602002101044
CC(=O)O[C@H]1C[C@@H](C)[C@@]2(CC[C@@]3(C)C(=O)C=C[C@H]4[C@@]5(C)CCC(=O)C(C)(C)[C@@H]5CC[C@@]43C)O[C@@H]1C(C)(C)O2,4.611188586526477
COC(=O)c1cccc(OCc2c(-c3c(Cl)cccc3Cl)noc2C(C)C)c1,5.686132779630847
CC(C)c1onc(-c2c(Cl)cccc2Cl)c1COc1ccc(CO)cc1,5.533132379645891
CC(C)c1onc(-c2c(Cl)cccc2Cl)c1COc1ccc(-c2nc3ccc(C(=O)O)cc3n2CC2CC2)cc1,7.615288257061717
CC(C)c1onc(-c2c(Cl)cccc2Cl)c1COc1ccc(-c2nc3ccc(C(=O)O)cc3n2C2CCCCC2)cc1,8.37571790416433
CC(C)c1onc(-c2ccccc2Cl)c1COc1ccc(CCCC(=O)O)cc1,5.42021640338319
CC(C)c1onc(-c2c(Cl)cccc2Cl)c1COc1ccc(CNc2ccc(CC(=O)O)cc2)cc1,5.795880017344075
